id,netgain
1,false
4,true
5,false
9,true
10,true
20,false
28,true
31,false
32,false
34,false
35,false
37,false
42,true
44,false
48,false
53,false
56,false
68,false
69,true
71,false
93,true
102,false
112,true
113,true
118,false
121,true
127,true
146,true
158,false
166,false
169,false
171,true
174,false
178,false
185,false
197,false
203,false
210,true
211,true
214,true
220,true
228,false
232,false
235,false
250,true
253,false
255,false
257,false
266,false
267,false
271,true
282,false
285,true
286,false
295,true
303,true
319,false
326,false
333,true
336,false
338,false
343,true
353,true
357,false
362,true
372,true
379,false
386,true
391,true
401,false
411,true
413,false
417,false
422,false
426,false
428,true
431,false
433,false
438,true
462,false
467,false
471,false
474,true
490,false
508,false
516,false
528,false
541,true
543,false
545,false
552,true
564,true
575,false
590,true
594,false
597,false
602,false
608,false
610,true
616,true
622,true
625,false
631,false
632,false
633,false
649,true
650,true
666,true
670,false
674,false
677,false
680,true
681,true
685,true
686,true
687,false
693,false
704,true
709,false
711,true
714,false
718,true
730,false
736,false
740,false
742,true
747,true
749,true
757,true
773,false
776,false
790,false
795,false
797,false
799,false
804,false
805,true
808,true
812,false
817,false
819,false
820,false
825,false
829,true
848,false
851,true
853,true
858,true
861,false
867,false
869,true
872,false
873,false
874,false
883,false
884,false
885,false
888,true
896,false
897,false
901,true
909,true
912,false
913,false
917,true
919,true
920,true
927,false
932,false
937,true
942,false
951,false
952,false
953,false
956,true
965,false
966,true
967,false
975,false
977,true
983,false
986,true
999,false
1001,true
1002,true
1003,false
1007,false
1009,false
1014,true
1015,true
1031,false
1034,true
1041,true
1046,true
1051,true
1058,false
1062,false
1069,false
1072,false
1081,false
1082,false
1085,true
1088,false
1090,false
1092,true
1102,false
1103,true
1104,false
1106,false
1109,false
1114,true
1117,true
1118,true
1121,false
1125,true
1126,false
1129,true
1136,false
1144,false
1145,false
1152,false
1168,false
1173,false
1177,true
1179,true
1180,true
1181,false
1194,true
1195,true
1199,false
1200,false
1204,false
1206,false
1213,true
1215,true
1217,true
1228,true
1232,true
1234,false
1239,true
1241,false
1248,false
1249,false
1275,true
1277,true
1279,false
1280,true
1291,false
1294,false
1299,true
1303,true
1305,false
1306,false
1311,true
1317,true
1327,true
1334,false
1342,true
1344,false
1352,false
1358,false
1360,false
1363,false
1375,true
1377,false
1379,false
1387,true
1398,true
1405,true
1410,true
1412,false
1416,false
1417,false
1425,false
1431,false
1432,false
1433,false
1447,false
1451,false
1453,true
1456,false
1458,false
1459,false
1471,false
1477,false
1479,false
1481,true
1482,true
1485,true
1487,false
1492,true
1502,true
1506,false
1512,false
1520,false
1527,true
1534,true
1535,false
1547,true
1558,true
1561,false
1570,true
1572,false
1574,false
1577,true
1584,false
1585,true
1589,false
1596,true
1601,true
1608,false
1612,false
1613,true
1617,false
1620,false
1639,false
1654,true
1658,false
1659,false
1663,false
1665,false
1668,false
1671,false
1675,false
1678,false
1687,false
1693,false
1703,false
1706,true
1714,false
1717,false
1719,false
1720,false
1722,true
1727,true
1728,false
1733,true
1739,false
1742,false
1744,true
1749,true
1755,false
1766,true
1767,true
1769,true
1775,false
1782,false
1783,true
1793,false
1804,false
1807,true
1826,false
1828,true
1830,false
1831,false
1834,false
1837,true
1838,false
1848,true
1854,true
1858,false
1859,true
1861,true
1864,true
1867,true
1869,false
1871,false
1875,true
1877,true
1880,false
1882,false
1887,false
1897,true
1898,false
1901,false
1910,true
1917,true
1921,true
1924,false
1929,true
1932,true
1947,true
1961,true
1964,true
1965,false
1974,true
1976,true
1990,true
1992,true
1994,true
2001,true
2003,false
2004,true
2008,true
2014,false
2028,false
2030,true
2051,true
2052,false
2054,true
2064,true
2068,true
2070,false
2072,false
2073,false
2074,false
2075,false
2078,true
2081,true
2088,true
2092,false
2094,false
2097,false
2100,false
2109,false
2115,false
2121,true
2122,false
2125,true
2129,true
2136,true
2138,false
2141,true
2145,true
2151,true
2152,true
2154,false
2159,false
2163,false
2166,true
2172,true
2174,false
2175,false
2182,true
2184,true
2187,true
2188,false
2196,false
2226,false
2230,true
2235,true
2242,true
2249,false
2252,true
2256,true
2258,true
2259,false
2261,true
2262,true
2268,true
2272,false
2274,false
2276,false
2277,false
2278,false
2283,false
2286,false
2289,false
2294,false
2298,true
2303,false
2307,true
2316,true
2322,false
2323,false
2325,false
2329,true
2341,true
2342,true
2345,true
2346,true
2348,false
2349,false
2350,false
2361,false
2368,false
2369,false
2382,true
2385,false
2390,false
2394,true
2397,true
2407,false
2410,true
2417,false
2418,false
2424,false
2426,false
2432,true
2436,true
2438,false
2441,true
2447,true
2451,false
2452,false
2459,false
2460,false
2461,false
2472,false
2475,false
2480,false
2481,false
2483,true
2490,true
2492,false
2495,false
2496,false
2497,true
2498,true
2509,true
2511,true
2512,true
2514,false
2527,false
2529,false
2545,false
2548,true
2561,false
2563,false
2565,true
2569,true
2587,false
2593,false
2600,true
2603,true
2604,false
2605,true
2617,true
2624,true
2627,false
2631,true
2643,false
2644,false
2651,true
2652,true
2663,true
2667,false
2668,false
2669,true
2672,false
2674,true
2679,true
2683,false
2690,true
2702,false
2706,true
2708,false
2711,true
2714,false
2727,false
2731,false
2737,false
2739,false
2747,true
2755,false
2763,false
2767,false
2776,false
2777,true
2781,false
2785,true
2791,false
2800,true
2804,false
2812,false
2822,false
2824,false
2832,true
2835,false
2839,true
2840,false
2845,true
2851,true
2855,false
2865,true
2868,false
2877,false
2882,true
2884,true
2898,false
2912,false
2913,false
2924,false
2936,false
2940,false
2946,false
2952,false
2953,false
2967,false
2970,false
2978,true
2985,true
2990,false
2993,false
3003,false
3007,true
3016,true
3019,false
3023,false
3026,false
3032,false
3038,false
3040,false
3041,false
3042,true
3044,false
3048,false
3053,true
3059,true
3073,false
3079,false
3081,false
3083,false
3086,false
3093,false
3100,true
3102,true
3105,false
3107,false
3111,true
3112,false
3116,true
3118,true
3126,true
3141,true
3145,false
3159,false
3161,true
3167,true
3169,false
3172,false
3176,false
3181,false
3184,false
3185,true
3191,false
3195,true
3196,true
3206,true
3215,true
3223,true
3227,true
3228,false
3234,false
3240,false
3249,true
3252,false
3260,false
3261,false
3266,true
3268,false
3270,true
3273,false
3278,false
3286,false
3288,true
3295,false
3296,true
3297,false
3301,false
3313,false
3315,true
3323,false
3325,false
3335,true
3342,false
3351,false
3358,true
3361,false
3363,false
3367,true
3371,false
3374,true
3375,true
3381,true
3382,false
3388,false
3389,true
3392,false
3393,false
3395,true
3401,true
3403,false
3407,false
3408,false
3413,false
3417,false
3419,false
3422,false
3432,false
3436,true
3438,false
3444,false
3447,false
3449,true
3453,true
3458,false
3460,false
3461,false
3467,false
3473,false
3481,true
3484,true
3496,true
3500,false
3504,true
3508,false
3513,false
3514,false
3529,true
3531,false
3540,false
3566,false
3579,false
3584,true
3596,false
3597,false
3600,true
3605,false
3607,false
3610,false
3619,false
3621,false
3622,true
3626,true
3627,true
3645,false
3650,false
3662,true
3664,true
3667,true
3669,false
3674,true
3676,false
3690,false
3697,false
3699,true
3701,true
3705,true
3715,true
3717,true
3725,false
3727,false
3741,false
3742,false
3748,false
3749,true
3751,true
3752,false
3757,false
3758,false
3760,true
3763,false
3774,false
3783,true
3787,false
3802,false
3803,false
3811,true
3813,false
3816,true
3818,false
3826,false
3833,false
3838,false
3854,false
3859,true
3864,true
3868,false
3874,false
3885,true
3888,false
3895,false
3912,true
3918,false
3923,false
3924,true
3928,true
3943,false
3950,false
3951,false
3972,true
3973,true
3979,false
3985,false
3986,true
4002,false
4031,false
4042,false
4047,true
4061,false
4068,false
4070,true
4072,false
4075,true
4076,false
4078,true
4079,false
4089,true
4090,false
4104,true
4150,true
4154,true
4157,false
4160,true
4162,false
4171,false
4175,false
4176,true
4177,false
4179,true
4184,false
4186,true
4195,true
4199,true
4203,false
4205,false
4208,false
4215,true
4221,true
4222,false
4226,true
4232,false
4235,true
4237,false
4242,false
4246,true
4251,false
4252,false
4260,false
4261,false
4268,true
4273,true
4275,false
4276,false
4278,false
4288,true
4289,true
4295,false
4306,false
4308,true
4310,true
4321,false
4328,false
4329,false
4333,false
4334,true
4338,true
4339,false
4341,false
4342,false
4350,false
4351,true
4352,false
4354,false
4357,false
4358,true
4361,false
4362,false
4367,false
4379,true
4384,true
4390,false
4398,false
4405,false
4406,false
4415,false
4418,true
4420,false
4423,false
4445,false
4447,false
4458,false
4464,false
4465,false
4471,false
4475,true
4489,false
4493,false
4496,false
4505,false
4506,false
4507,false
4509,false
4524,true
4535,false
4539,true
4542,false
4546,true
4547,false
4548,false
4550,false
4556,true
4559,false
4571,false
4577,false
4581,true
4585,false
4587,true
4588,false
4597,false
4602,false
4605,false
4609,false
4618,true
4620,true
4623,true
4624,false
4626,false
4637,true
4651,false
4655,true
4662,true
4664,false
4675,false
4678,false
4681,false
4682,false
4683,false
4687,true
4691,true
4693,true
4694,false
4695,true
4697,false
4710,false
4718,false
4719,false
4727,false
4729,false
4744,false
4748,false
4749,true
4753,false
4756,true
4757,true
4758,false
4760,false
4761,true
4790,true
4791,false
4795,true
4817,false
4818,false
4823,false
4825,true
4826,false
4828,false
4832,false
4849,true
4852,false
4854,false
4855,true
4861,true
4863,false
4870,false
4873,true
4876,true
4882,true
4885,false
4893,false
4896,false
4897,true
4906,true
4911,false
4912,false
4918,false
4919,false
4928,false
4935,false
4941,false
4942,true
4943,true
4944,true
4946,true
4962,false
4964,true
4965,false
4966,false
4972,false
4973,false
5000,true
5002,true
5008,false
5009,true
5013,false
5015,false
5018,false
5023,false
5024,false
5025,true
5026,true
5040,true
5042,false
5057,true
5058,true
5060,true
5063,true
5065,true
5066,true
5072,true
5073,true
5087,true
5094,false
5097,false
5098,true
5105,true
5106,true
5107,true
5126,false
5131,true
5135,true
5140,false
5144,true
5152,false
5154,false
5155,false
5162,false
5172,true
5173,true
5177,false
5178,false
5187,false
5190,true
5198,true
5209,false
5211,true
5220,false
5224,true
5234,true
5239,false
5251,false
5252,false
5266,false
5273,false
5286,false
5288,false
5291,true
5294,true
5310,true
5314,false
5320,false
5321,false
5325,true
5335,true
5340,false
5344,false
5351,false
5357,false
5360,false
5365,true
5366,false
5371,true
5373,false
5375,true
5376,false
5378,false
5382,true
5383,false
5386,true
5389,true
5398,false
5403,false
5406,false
5407,true
5408,false
5415,false
5418,true
5429,false
5435,false
5437,false
5444,true
5445,true
5446,false
5447,true
5449,false
5458,false
5467,false
5472,true
5473,false
5477,true
5483,true
5487,false
5498,true
5501,true
5502,true
5513,true
5515,false
5522,true
5539,true
5543,false
5545,false
5558,false
5559,false
5562,false
5565,false
5567,false
5569,false
5571,false
5572,true
5574,false
5577,true
5583,false
5587,true
5589,true
5594,false
5598,false
5607,false
5611,true
5619,false
5625,true
5626,false
5629,true
5632,true
5633,false
5637,false
5642,false
5649,true
5652,false
5653,true
5654,false
5662,false
5664,true
5669,true
5673,true
5677,false
5678,false
5680,false
5687,false
5693,false
5694,true
5696,true
5697,false
5707,false
5714,false
5715,false
5716,false
5717,true
5720,false
5721,true
5723,false
5728,false
5730,true
5731,false
5743,true
5745,true
5749,false
5754,true
5769,false
5770,false
5779,false
5786,false
5813,false
5818,false
5820,true
5831,true
5835,false
5837,false
5844,false
5846,true
5847,false
5852,false
5853,true
5858,false
5864,false
5872,true
5876,true
5878,true
5889,false
5891,true
5905,false
5923,false
5925,false
5934,false
5938,false
5942,true
5943,false
5948,true
5968,false
5978,false
5980,true
5988,false
5994,false
5996,false
5997,false
6009,false
6010,true
6033,true
6038,false
6041,true
6042,false
6052,true
6054,true
6063,false
6073,false
6076,true
6079,false
6084,false
6096,true
6107,false
6112,false
6121,false
6123,false
6126,true
6134,true
6140,false
6143,false
6144,false
6146,true
6165,false
6171,false
6176,false
6184,false
6185,true
6188,false
6190,true
6194,false
6196,true
6199,false
6200,true
6203,false
6206,true
6210,false
6212,false
6216,false
6217,true
6227,true
6237,false
6247,true
6275,false
6278,false
6283,false
6288,true
6294,false
6297,true
6304,false
6321,false
6324,false
6325,true
6329,true
6344,false
6349,false
6352,true
6358,true
6360,true
6362,true
6363,true
6379,false
6390,false
6393,true
6395,false
6396,false
6398,false
6399,true
6404,false
6407,false
6412,false
6416,false
6421,true
6422,true
6429,true
6436,false
6438,true
6447,true
6452,false
6460,true
6461,false
6466,false
6469,false
6474,true
6475,false
6477,true
6479,true
6480,true
6481,true
6492,true
6494,false
6495,true
6503,true
6506,true
6509,false
6513,true
6516,true
6520,true
6524,true
6533,false
6535,true
6539,true
6540,false
6541,true
6547,true
6548,false
6549,false
6553,false
6554,false
6559,true
6560,false
6561,false
6563,false
6568,true
6571,false
6573,false
6579,true
6588,true
6596,true
6602,false
6604,false
6605,false
6613,false
6620,true
6631,false
6637,false
6650,false
6653,false
6658,false
6665,true
6673,true
6698,false
6700,true
6706,false
6713,true
6727,true
6745,false
6748,false
6756,false
6761,false
6772,false
6774,false
6784,false
6789,false
6791,false
6793,true
6794,false
6801,false
6804,true
6806,true
6809,false
6811,true
6812,false
6818,false
6827,true
6834,true
6836,false
6841,false
6846,true
6847,false
6850,false
6859,false
6862,false
6869,false
6873,true
6874,true
6880,true
6881,false
6883,false
6887,false
6895,true
6899,true
6900,false
6912,true
6913,false
6914,true
6925,false
6931,false
6935,true
6945,false
6946,false
6947,false
6951,false
6963,true
6964,false
6967,false
6968,false
6969,true
6974,true
6975,false
6984,false
6986,false
6987,false
6990,true
7002,true
7011,true
7014,true
7015,false
7020,true
7022,true
7036,false
7048,false
7051,false
7052,false
7053,false
7062,true
7066,false
7085,false
7086,false
7093,false
7094,true
7101,true
7108,true
7111,false
7116,false
7126,true
7127,false
7129,true
7137,true
7144,false
7158,true
7161,false
7162,true
7165,false
7167,false
7169,false
7173,false
7176,true
7178,true
7192,true
7193,true
7202,true
7208,false
7211,false
7212,false
7217,false
7226,false
7249,true
7250,true
7252,true
7253,true
7261,true
7262,false
7264,true
7265,false
7274,false
7275,false
7277,true
7278,true
7281,false
7282,true
7283,false
7284,true
7288,true
7290,false
7291,false
7295,false
7302,false
7305,false
7310,true
7332,false
7333,false
7340,true
7356,true
7367,false
7371,false
7374,false
7380,false
7382,true
7390,false
7393,false
7408,false
7412,false
7418,false
7420,false
7423,true
7432,false
7433,true
7437,false
7445,false
7448,true
7462,true
7473,true
7474,true
7477,false
7497,false
7510,true
7514,false
7522,false
7524,false
7526,false
7528,false
7539,true
7541,true
7544,false
7546,false
7548,true
7549,true
7552,false
7554,false
7559,false
7571,false
7573,false
7578,false
7589,false
7597,true
7604,true
7613,true
7616,true
7621,false
7622,false
7626,true
7628,true
7638,false
7651,false
7652,false
7654,false
7656,false
7661,true
7676,false
7677,false
7681,false
7689,false
7698,true
7700,true
7703,false
7705,true
7714,false
7717,false
7718,false
7725,false
7726,false
7730,false
7734,false
7735,false
7736,false
7750,true
7755,true
7772,false
7777,false
7778,true
7779,false
7782,true
7784,false
7787,false
7796,true
7805,false
7808,true
7818,false
7820,true
7844,true
7849,true
7861,false
7864,false
7879,true
7900,false
7906,false
7908,true
7910,false
7911,false
7913,false
7915,false
7925,false
7927,false
7929,true
7930,false
7936,false
7938,false
7944,false
7948,false
7949,false
7953,true
7983,true
7984,true
7985,false
7988,true
7998,false
8006,false
8010,false
8011,false
8019,true
8021,false
8026,true
8043,true
8046,false
8049,true
8050,true
8053,false
8055,true
8060,false
8065,false
8066,true
8072,false
8075,false
8076,false
8079,true
8087,false
8098,false
8099,false
8105,false
8106,false
8109,true
8112,false
8130,true
8132,true
8140,true
8142,true
8145,true
8147,false
8149,true
8150,false
8175,false
8193,false
8194,false
8207,false
8210,true
8211,false
8218,false
8229,true
8238,true
8242,false
8250,true
8252,true
8254,true
8255,true
8257,true
8270,false
8271,false
8272,false
8273,true
8277,true
8284,false
8294,false
8296,false
8304,false
8307,true
8310,false
8323,false
8334,false
8340,false
8354,false
8358,true
8364,false
8373,true
8376,false
8387,true
8388,false
8392,false
8404,false
8405,false
8409,false
8410,false
8415,true
8418,true
8421,false
8425,false
8431,true
8434,false
8438,true
8439,false
8443,true
8453,false
8454,false
8459,true
8468,false
8474,true
8478,false
8479,false
8484,true
8486,false
8489,false
8490,true
8491,true
8492,false
8496,true
8504,false
8505,true
8512,false
8520,false
8522,false
8523,true
8524,true
8525,true
8531,true
8533,true
8537,false
8543,false
8548,true
8549,false
8552,true
8554,true
8556,true
8558,true
8560,false
8562,false
8573,false
8577,false
8578,false
8580,true
8592,true
8599,true
8620,false
8622,false
8632,true
8640,false
8642,true
8645,true
8646,false
8650,true
8669,false
8670,true
8673,true
8680,true
8682,true
8685,true
8686,false
8693,false
8695,false
8698,true
8699,true
8708,true
8718,true
8726,false
8730,true
8731,true
8737,false
8748,false
8754,true
8760,false
8763,true
8765,false
8772,false
8779,true
8786,false
8803,true
8805,false
8809,false
8820,false
8827,false
8834,true
8835,false
8837,false
8838,false
8842,false
8853,true
8854,false
8856,true
8860,true
8868,true
8872,true
8879,true
8885,false
8894,false
8897,true
8898,false
8899,false
8900,true
8906,true
8909,false
8912,false
8921,false
8927,false
8930,false
8935,false
8936,false
8937,false
8939,true
8955,true
8956,false
8962,true
8963,true
8966,false
8968,false
8969,true
8976,false
8980,false
8982,false
8983,true
8986,false
9001,false
9003,true
9005,true
9008,true
9011,false
9014,true
9015,false
9017,false
9038,false
9039,false
9040,true
9042,false
9044,false
9050,true
9052,true
9058,false
9068,false
9071,false
9072,true
9078,false
9082,false
9084,true
9086,false
9094,false
9102,false
9108,false
9118,false
9123,true
9124,false
9126,true
9127,true
9135,false
9150,false
9160,false
9163,false
9165,false
9170,true
9176,false
9181,true
9186,false
9191,true
9194,false
9197,true
9199,false
9214,false
9215,false
9221,false
9223,false
9224,true
9228,false
9242,true
9243,false
9247,false
9252,false
9253,false
9257,false
9258,true
9265,false
9266,true
9286,false
9291,false
9297,false
9299,false
9300,false
9305,true
9308,true
9312,false
9314,false
9318,false
9326,false
9333,true
9337,false
9347,true
9353,true
9356,true
9361,false
9368,true
9372,false
9376,false
9381,true
9384,true
9389,true
9391,false
9403,false
9404,true
9414,true
9417,true
9422,true
9427,false
9430,false
9434,false
9437,false
9451,false
9458,false
9467,false
9471,true
9479,true
9480,false
9484,true
9494,true
9496,true
9503,false
9518,false
9525,true
9527,false
9529,false
9530,false
9532,true
9550,false
9552,false
9554,false
9555,true
9558,true
9560,false
9563,false
9564,true
9570,true
9571,true
9573,false
9586,true
9587,false
9592,false
9595,true
9597,false
9598,true
9607,false
9608,false
9609,true
9613,false
9619,true
9622,false
9624,false
9629,false
9634,true
9643,true
9645,false
9647,false
9651,true
9654,true
9656,true
9661,false
9670,true
9675,true
9678,false
9685,false
9687,true
9692,true
9696,false
9697,false
9699,true
9719,true
9722,true
9723,true
9725,false
9728,false
9732,false
9734,true
9744,true
9756,false
9758,false
9760,true
9766,false
9769,true
9770,false
9773,false
9776,true
9782,false
9785,false
9786,false
9789,false
9795,true
9799,false
9800,true
9810,false
9813,false
9816,true
9825,false
9832,true
9843,false
9849,false
9858,false
9862,false
9879,true
9883,true
9884,true
9886,false
9887,false
9888,false
9890,false
9895,true
9907,true
9911,true
9915,true
9923,false
9924,false
9928,true
9930,false
9932,false
9934,false
9950,false
9953,false
9958,false
9964,true
9968,true
9970,false
9971,false
9973,false
9981,true
9984,true
9996,true
9997,false
10002,false
10014,false
10017,true
10040,true
10044,false
10050,false
10053,false
10054,false
10055,true
10070,true
10076,false
10077,true
10078,false
10081,false
10083,true
10085,false
10088,false
10089,true
10094,true
10096,false
10097,false
10098,true
10107,true
10114,false
10120,false
10121,false
10123,false
10133,false
10140,false
10155,true
10158,false
10159,true
10167,true
10171,true
10172,true
10173,true
10176,false
10180,false
10186,false
10187,false
10192,true
10193,false
10197,true
10200,true
10202,false
10205,false
10210,false
10213,false
10214,false
10215,true
10218,false
10219,true
10220,false
10225,true
10234,false
10237,false
10248,false
10252,true
10257,false
10262,true
10266,true
10270,true
10274,false
10275,true
10287,false
10290,true
10291,true
10304,true
10306,false
10316,true
10317,false
10323,false
10328,true
10336,false
10344,false
10352,true
10359,false
10368,false
10375,false
10377,true
10380,false
10381,true
10385,false
10391,false
10395,true
10402,false
10415,false
10416,true
10417,false
10421,true
10423,true
10426,true
10427,false
10429,true
10437,false
10453,false
10455,false
10457,false
10464,false
10469,false
10472,true
10473,false
10482,false
10485,false
10486,true
10487,true
10490,false
10502,true
10508,false
10512,false
10523,true
10526,false
10529,false
10531,false
10533,false
10534,false
10536,false
10540,false
10541,true
10542,false
10549,true
10551,false
10559,true
10562,true
10563,false
10566,true
10567,false
10579,true
10583,false
10586,false
10590,false
10592,true
10595,true
10611,false
10614,true
10619,false
10620,true
10631,false
10632,false
10633,false
10634,true
10643,false
10651,true
10659,true
10661,true
10663,false
10673,true
10678,false
10681,true
10690,false
10693,true
10700,false
10704,false
10706,false
10709,false
10714,false
10719,true
10720,true
10731,false
10735,true
10741,true
10747,true
10750,true
10778,false
10779,true
10781,false
10782,false
10787,true
10788,true
10791,false
10795,false
10801,true
10802,true
10818,true
10823,false
10838,false
10848,false
10862,true
10866,true
10870,true
10874,false
10875,false
10883,true
10886,false
10888,false
10893,false
10896,true
10897,false
10900,false
10908,false
10910,false
10911,true
10915,true
10924,true
10931,false
10932,true
10934,true
10937,false
10947,true
10951,false
10955,false
10958,false
10962,false
10963,true
10964,false
10968,false
10975,true
10981,false
10984,true
10996,false
10998,false
11012,false
11016,false
11018,false
11022,false
11025,false
11047,true
11048,false
11050,false
11052,false
11056,false
11058,true
11062,false
11065,true
11067,false
11070,true
11077,false
11079,true
11084,true
11086,false
11099,false
11100,true
11102,true
11105,true
11112,true
11118,true
11126,false
11136,false
11138,true
11139,false
11148,false
11149,false
11151,false
11156,true
11159,true
11161,false
11169,false
11183,false
11186,true
11195,true
11196,true
11204,true
11206,false
11208,false
11210,true
11213,true
11218,false
11225,false
11233,false
11236,false
11242,true
11244,false
11246,true
11248,true
11255,true
11258,false
11261,true
11269,true
11270,false
11274,true
11280,false
11289,false
11290,false
11293,true
11323,false
11329,true
11341,true
11344,false
11351,true
11356,false
11366,false
11389,false
11394,false
11395,true
11397,false
11404,false
11406,false
11407,true
11413,false
11419,true
11429,false
11436,false
11444,false
11449,true
11452,false
11453,false
11461,false
11464,true
11472,false
11481,true
11484,false
11490,true
11497,false
11503,false
11504,false
11511,false
11512,false
11523,false
11532,false
11539,true
11540,true
11541,true
11546,false
11551,false
11553,false
11557,false
11563,false
11564,true
11565,true
11566,true
11570,false
11583,true
11586,true
11591,false
11596,false
11601,true
11616,false
11618,false
11620,false
11625,false
11628,true
11630,true
11631,false
11635,false
11637,false
11645,false
11646,false
11650,false
11651,false
11654,false
11660,true
11662,false
11664,true
11667,true
11668,false
11673,true
11679,false
11681,false
11684,false
11689,false
11691,true
11704,false
11706,false
11709,true
11710,false
11717,false
11720,false
11727,false
11730,false
11732,false
11733,true
11748,true
11750,false
11751,false
11753,true
11764,true
11765,true
11766,false
11782,false
11783,false
11787,false
11788,true
11789,false
11794,false
11798,false
11806,false
11809,true
11815,false
11821,false
11830,true
11842,false
11843,false
11845,false
11849,false
11852,true
11856,true
11865,false
11874,true
11875,true
11876,true
11878,true
11884,false
11886,false
11887,false
11892,false
11910,true
11918,true
11920,false
11931,false
11937,true
11942,true
11945,true
11955,true
11957,false
11960,false
11962,true
11966,false
11970,false
11971,false
11973,true
11978,false
11981,false
11990,true
11998,false
12005,false
12041,false
12051,true
12052,false
12056,true
12059,false
12064,false
12065,true
12066,false
12069,true
12075,false
12078,true
12083,false
12090,false
12092,true
12101,false
12102,true
12103,true
12104,true
12106,true
12108,true
12112,false
12114,false
12117,true
12121,false
12125,true
12132,true
12133,false
12141,false
12142,true
12146,false
12148,false
12152,true
12155,false
12157,false
12162,false
12168,true
12173,true
12180,false
12194,false
12195,false
12197,false
12200,false
12204,false
12205,false
12216,false
12219,false
12224,false
12231,false
12232,true
12240,false
12245,true
12246,true
12259,false
12262,false
12264,true
12265,false
12277,false
12283,true
12285,false
12288,true
12300,true
12303,false
12305,false
12307,true
12311,true
12312,false
12315,false
12322,false
12325,false
12328,true
12336,true
12340,false
12345,false
12354,true
12361,true
12363,true
12365,true
12372,false
12373,false
12375,false
12383,false
12384,false
12387,false
12388,false
12397,true
12399,false
12402,true
12418,false
12424,true
12425,false
12426,false
12429,true
12432,false
12437,true
12442,true
12451,true
12452,true
12457,true
12458,true
12460,true
12462,true
12464,false
12469,false
12471,false
12474,false
12476,true
12477,false
12478,false
12479,false
12482,true
12483,true
12487,false
12495,false
12499,true
12502,false
12507,false
12521,false
12527,false
12535,true
12538,false
12539,true
12542,false
12545,false
12547,false
12554,false
12558,false
12565,false
12568,false
12574,true
12581,false
12590,true
12591,true
12596,false
12600,false
12614,true
12631,true
12636,true
12647,false
12665,false
12669,false
12672,true
12682,false
12687,false
12696,true
12698,true
12703,true
12704,false
12706,false
12710,false
12713,false
12728,true
12736,true
12740,true
12744,false
12751,false
12752,false
12756,true
12765,false
12772,true
12776,true
12779,false
12806,false
12808,true
12820,false
12822,true
12823,false
12827,false
12835,false
12839,true
12845,true
12846,false
12855,true
12863,false
12866,false
12867,true
12888,false
12889,true
12904,true
12910,true
12912,true
12916,true
12917,false
12920,true
12935,false
12942,false
12959,false
12974,false
12977,false
12981,true
12982,true
12991,false
13002,false
13008,false
13012,true
13016,true
13028,false
13037,false
13051,false
13052,true
13060,true
13064,false
13069,true
13072,false
13077,false
13078,true
13084,false
13086,false
13090,true
13091,false
13092,true
13099,true
13111,false
13113,true
13114,true
13115,false
13129,true
13130,false
13135,false
13137,false
13138,true
13147,false
13157,false
13159,false
13160,false
13169,false
13171,false
13173,false
13174,true
13182,true
13184,false
13185,true
13198,false
13201,false
13209,true
13210,true
13214,false
13223,true
13226,false
13233,false
13247,true
13251,false
13258,true
13264,false
13274,false
13276,false
13280,true
13285,true
13286,false
13289,false
13293,true
13294,false
13297,false
13307,false
13311,true
13312,false
13314,false
13317,true
13319,false
13320,false
13322,true
13332,true
13334,false
13343,true
13345,true
13349,false
13354,true
13355,false
13357,true
13361,true
13369,false
13377,false
13382,false
13390,false
13396,true
13405,false
13411,false
13412,true
13417,false
13436,false
13441,false
13445,false
13446,true
13449,true
13464,true
13467,true
13491,false
13498,false
13499,true
13513,false
13519,true
13520,true
13537,false
13539,true
13541,false
13543,false
13549,true
13556,true
13562,false
13568,false
13569,false
13576,false
13577,true
13578,false
13592,false
13602,true
13607,false
13608,false
13612,true
13613,false
13619,false
13622,true
13626,false
13631,false
13641,false
13645,false
13646,false
13651,true
13653,false
13655,false
13667,true
13687,false
13695,true
13697,true
13699,true
13705,false
13708,false
13715,false
13718,true
13725,false
13727,false
13729,false
13730,true
13731,false
13739,true
13741,true
13746,false
13752,true
13755,true
13773,true
13774,false
13775,false
13776,true
13782,true
13787,false
13798,false
13799,false
13803,false
13817,false
13821,false
13839,true
13840,false
13854,false
13857,true
13866,false
13870,false
13873,true
13876,false
13877,false
13878,true
13899,false
13909,true
13910,false
13912,false
13916,false
13918,true
13925,false
13931,true
13944,true
13945,true
13948,false
13953,true
13954,true
13961,false
13971,true
13976,false
13978,false
13987,false
13988,false
13993,false
14010,false
14014,false
14031,false
14038,true
14043,true
14045,false
14052,false
14056,false
14060,false
14061,false
14064,true
14069,false
14073,true
14074,false
14086,false
14090,true
14093,false
14097,true
14102,true
14105,true
14117,false
14125,false
14128,true
14130,true
14133,true
14144,false
14150,false
14154,true
14157,true
14158,false
14161,false
14163,true
14166,true
14171,false
14172,true
14175,true
14176,false
14179,false
14180,true
14181,false
14191,false
14197,false
14201,false
14205,false
14206,false
14210,true
14217,true
14221,false
14226,false
14228,false
14233,true
14234,false
14238,false
14240,true
14251,false
14252,true
14259,false
14262,true
14263,false
14266,false
14272,false
14273,true
14277,false
14279,false
14280,true
14288,false
14296,true
14301,false
14307,false
14310,true
14320,true
14328,true
14329,false
14343,true
14345,true
14346,false
14347,false
14350,true
14356,false
14363,false
14367,true
14368,true
14375,false
14382,false
14383,true
14386,false
14388,false
14391,false
14393,false
14397,false
14408,false
14413,false
14417,true
14424,true
14431,false
14435,true
14442,false
14449,false
14450,true
14452,false
14453,false
14455,false
14459,false
14461,false
14471,true
14475,false
14481,false
14488,false
14502,false
14513,true
14519,false
14520,false
14523,false
14531,false
14541,false
14546,true
14558,true
14564,false
14567,false
14568,false
14571,false
14573,false
14575,true
14577,false
14590,false
14591,false
14592,false
14599,false
14606,true
14611,true
14612,false
14614,false
14615,true
14619,false
14620,true
14622,false
14626,false
14628,false
14630,false
14633,true
14645,true
14651,true
14653,false
14655,false
14668,false
14673,false
14685,true
14693,true
14707,false
14716,false
14719,false
14720,false
14725,true
14726,true
14737,false
14742,false
14747,true
14753,true
14755,true
14756,true
14758,true
14760,false
14762,true
14776,false
14777,false
14781,true
14788,false
14790,true
14791,false
14794,false
14797,true
14811,true
14817,true
14819,false
14823,true
14825,true
14827,false
14829,true
14832,true
14847,false
14848,false
14852,false
14859,false
14860,false
14868,false
14871,false
14876,true
14878,false
14879,false
14889,true
14890,false
14891,false
14896,true
14897,true
14900,false
14909,true
14915,true
14925,true
14932,true
14944,false
14945,false
14950,false
14954,true
14965,false
14975,true
14977,true
14986,false
14994,true
14997,true
15000,true
15002,false
15019,false
15025,true
15035,false
15038,false
15046,false
15050,true
15055,true
15066,false
15070,false
15071,false
15073,false
15092,false
15097,false
15100,false
15105,true
15109,true
15117,false
15128,true
15133,true
15134,false
15142,true
15146,false
15150,true
15153,false
15173,true
15178,false
15184,true
15196,true
15199,true
15204,false
15207,true
15209,true
15219,true
15221,false
15225,false
15232,false
15233,false
15234,false
15235,false
15240,false
15242,false
15258,false
15262,false
15267,true
15268,true
15272,true
15275,true
15283,true
15295,false
15297,false
15325,false
15329,true
15347,false
15349,false
15361,false
15363,false
15368,false
15373,true
15374,false
15377,false
15385,false
15386,false
15388,true
15395,true
15399,false
15407,false
15413,false
15418,true
15419,false
15422,false
15425,false
15426,false
15427,false
15429,false
15430,true
15432,false
15437,true
15441,true
15443,true
15450,false
15453,false
15455,true
15456,true
15457,true
15463,false
15466,false
15469,false
15472,false
15475,true
15484,false
15492,false
15493,true
15501,true
15508,false
15518,false
15521,false
15523,false
15537,false
15540,true
15545,false
15558,true
15563,false
15564,true
15565,false
15579,true
15581,true
15587,false
15600,true
15603,true
15615,true
15621,true
15631,false
15633,true
15640,true
15655,true
15656,true
15662,false
15683,true
15691,true
15693,false
15704,true
15712,false
15715,true
15719,true
15722,false
15728,false
15733,true
15734,false
15735,true
15737,true
15738,false
15739,false
15753,false
15757,false
15759,true
15760,false
15763,true
15765,false
15768,false
15769,false
15772,false
15776,false
15779,false
15785,true
15791,true
15793,true
15795,true
15799,false
15809,true
15837,true
15840,true
15843,true
15850,false
15857,false
15860,true
15862,true
15864,true
15874,false
15875,false
15880,true
15891,true
15893,true
15894,false
15896,true
15898,false
15901,false
15909,true
15918,true
15921,true
15934,false
15935,true
15939,true
15942,false
15947,true
15953,true
15971,false
15972,true
15973,false
15976,false
15977,false
15978,true
15982,false
15985,true
15989,false
15992,true
16012,false
16015,true
16019,false
16024,false
16037,false
16039,false
16041,false
16042,false
16057,true
16062,false
16064,false
16067,false
16080,false
16081,false
16086,false
16090,false
16092,true
16105,true
16108,true
16113,true
16119,false
16120,true
16125,false
16149,false
16162,false
16163,false
16164,true
16165,false
16166,false
16169,true
16173,false
16175,false
16182,true
16187,false
16190,false
16196,true
16198,false
16208,true
16210,false
16212,false
16213,false
16216,true
16222,false
16227,false
16232,false
16234,false
16237,false
16241,false
16252,false
16253,false
16260,false
16261,true
16264,false
16268,false
16270,false
16271,false
16278,false
16279,true
16295,true
16315,false
16319,true
16320,false
16322,false
16323,true
16325,true
16328,false
16329,false
16333,false
16336,false
16352,false
16354,true
16357,true
16358,true
16364,false
16370,false
16377,false
16378,true
16382,true
16384,false
16389,false
16393,true
16406,true
16408,false
16409,true
16413,true
16414,false
16415,false
16420,true
16426,false
16436,true
16437,false
16462,false
16465,true
16470,true
16482,false
16485,true
16487,false
16489,false
16490,false
16493,true
16495,true
16497,true
16499,false
16504,false
16508,true
16510,false
16511,false
16520,true
16524,true
16529,false
16531,false
16534,false
16540,false
16551,false
16559,true
16562,true
16564,true
16567,true
16571,false
16573,true
16574,true
16579,true
16581,false
16586,true
16588,true
16594,false
16598,false
16626,false
16628,true
16629,true
16631,true
16632,true
16635,false
16644,false
16648,false
16655,false
16657,false
16662,false
16663,false
16673,false
16679,true
16683,true
16687,false
16688,true
16690,false
16695,false
16719,true
16722,false
16723,true
16730,true
16740,true
16745,false
16760,true
16766,false
16772,false
16781,false
16789,false
16795,false
16798,true
16806,false
16809,false
16810,true
16813,false
16818,true
16824,false
16829,true
16830,true
16831,false
16838,false
16842,false
16853,true
16854,false
16864,true
16866,false
16869,true
16878,false
16880,false
16882,true
16884,false
16888,false
16892,true
16895,false
16896,false
16907,true
16914,true
16920,false
16922,true
16923,false
16924,true
16940,true
16943,true
16954,true
16960,false
16961,true
16964,false
16967,false
16968,false
16969,false
16973,false
16976,false
16983,false
16988,true
16991,false
16995,false
16996,false
16997,false
16999,true
17004,true
17012,false
17014,false
17021,false
17022,true
17025,false
17029,true
17030,true
17032,false
17036,false
17044,false
17047,false
17070,false
17071,true
17085,true
17087,true
17090,true
17096,false
17104,true
17105,true
17115,false
17120,true
17125,false
17126,false
17127,false
17128,false
17129,true
17142,false
17148,false
17167,true
17168,true
17175,false
17182,false
17183,false
17195,true
17197,true
17207,false
17210,false
17221,false
17222,true
17223,true
17227,true
17229,false
17231,true
17240,false
17245,false
17254,true
17257,false
17259,false
17262,false
17267,false
17285,false
17297,false
17305,true
17308,false
17310,true
17315,false
17317,false
17320,false
17321,false
17324,true
17328,true
17334,false
17345,false
17356,false
17357,true
17358,false
17363,false
17364,false
17377,false
17379,false
17382,true
17385,false
17386,false
17396,true
17404,true
17407,true
17410,true
17418,false
17424,false
17431,false
17434,false
17440,false
17443,true
17450,false
17451,false
17455,false
17458,false
17459,true
17464,false
17469,true
17472,false
17473,false
17477,false
17479,true
17482,false
17483,false
17498,false
17502,false
17507,true
17515,false
17522,true
17528,true
17534,true
17536,false
17539,true
17553,true
17558,true
17559,false
17564,true
17567,false
17576,false
17580,true
17582,true
17584,true
17586,true
17590,false
17595,false
17596,true
17597,false
17599,false
17601,false
17603,false
17604,false
17609,true
17613,false
17615,true
17618,false
17622,false
17623,true
17630,false
17639,false
17645,false
17650,false
17651,false
17655,true
17657,false
17660,false
17680,false
17682,false
17684,false
17686,false
17696,false
17699,true
17707,false
17713,false
17718,true
17722,false
17724,false
17728,false
17731,false
17746,false
17747,false
17755,true
17765,false
17776,true
17786,false
17792,false
17797,false
17801,true
17802,true
17809,true
17818,true
17819,false
17834,false
17838,false
17839,false
17841,true
17844,false
17845,true
17848,false
17850,false
17851,true
17854,true
17857,false
17861,false
17873,false
17876,false
17880,true
17881,true
17882,false
17894,false
17901,false
17903,false
17904,true
17907,false
17916,false
17924,false
17928,false
17929,false
17936,true
17938,true
17939,true
17948,true
17949,true
17954,false
17956,false
17959,true
17972,false
17975,true
17987,true
17989,true
17994,true
17995,false
17999,true
18006,true
18007,false
18008,false
18020,true
18036,true
18037,false
18042,false
18043,false
18051,true
18058,false
18063,false
18071,false
18075,false
18079,false
18081,false
18091,false
18099,false
18102,true
18103,false
18125,true
18126,false
18143,false
18155,false
18158,false
18163,true
18166,false
18168,false
18169,true
18174,false
18178,true
18181,false
18182,true
18184,true
18192,false
18200,false
18204,false
18205,true
18211,false
18213,false
18227,false
18235,false
18251,false
18257,true
18260,false
18262,false
18268,false
18279,false
18280,false
18286,true
18290,false
18294,true
18303,false
18304,true
18313,false
18319,true
18321,false
18323,false
18331,true
18346,false
18348,true
18356,false
18357,false
18359,false
18365,false
18374,false
18387,true
18400,false
18418,false
18425,false
18432,true
18438,false
18446,false
18459,true
18465,false
18469,false
18473,true
18485,true
18489,true
18503,true
18504,true
18506,true
18510,true
18521,true
18528,false
18533,false
18534,false
18540,true
18541,true
18543,true
18548,true
18549,false
18551,false
18568,false
18572,false
18576,false
18580,true
18583,false
18587,false
18589,true
18590,false
18592,false
18596,true
18602,false
18603,true
18604,true
18607,false
18612,true
18613,true
18615,true
18627,true
18628,false
18630,false
18645,false
18646,false
18652,true
18654,false
18657,false
18658,true
18669,true
18671,false
18676,false
18677,true
18679,true
18680,true
18682,false
18689,false
18690,false
18691,false
18695,false
18696,false
18704,true
18705,false
18716,true
18721,true
18729,false
18734,true
18741,true
18749,false
18753,false
18759,true
18762,false
18770,true
18775,true
18777,false
18778,true
18788,false
18793,true
18797,false
18799,false
18803,true
18807,true
18817,true
18842,true
18846,true
18849,true
18855,false
18861,true
18862,false
18867,true
18871,true
18872,false
18880,false
18881,false
18885,false
18886,true
18891,true
18897,false
18898,true
18899,true
18900,false
18901,false
18908,false
18912,false
18914,true
18921,false
18922,false
18938,true
18940,true
18942,false
18951,false
18960,false
18961,false
18967,false
18983,true
18989,false
18994,true
18997,true
18999,false
19004,false
19008,true
19012,true
19016,false
19021,false
19024,true
19027,false
19042,true
19045,true
19050,false
19065,false
19073,true
19075,false
19079,false
19082,false
19088,true
19095,false
19098,true
19105,false
19111,true
19116,true
19117,false
19118,false
19121,false
19128,false
19130,true
19140,true
19145,false
19147,false
19166,true
19170,false
19172,false
19175,false
19187,true
19196,true
19198,false
19200,true
19203,true
19213,false
19219,false
19225,false
19232,false
19239,false
19243,false
19247,false
19248,true
19249,true
19252,false
19254,false
19257,false
19264,true
19270,true
19277,false
19279,false
19280,true
19281,false
19285,false
19286,true
19300,true
19309,true
19319,true
19320,false
19322,false
19325,true
19328,false
19334,true
19335,true
19339,true
19343,true
19347,false
19353,false
19354,false
19358,true
19360,false
19365,true
19366,true
19367,false
19375,false
19381,true
19399,true
19401,true
19412,false
19414,true
19417,true
19430,false
19435,false
19440,true
19441,true
19444,false
19446,true
19463,true
19464,false
19465,false
19469,false
19479,true
19482,true
19483,true
19486,true
19493,true
19494,true
19496,false
19500,true
19507,true
19510,false
19518,false
19521,false
19523,true
19525,false
19527,true
19538,true
19541,true
19544,false
19550,true
19556,false
19559,false
19561,true
19573,true
19592,true
19593,false
19594,true
19598,true
19602,false
19625,false
19627,false
19631,false
19638,false
19639,false
19645,true
19653,false
19657,false
19659,true
19672,true
19673,false
19676,false
19678,true
19679,false
19680,false
19684,false
19689,false
19691,false
19692,false
19695,false
19698,false
19702,true
19704,false
19714,true
19722,false
19723,false
19725,false
19734,false
19738,false
19739,true
19740,false
19742,true
19750,false
19754,false
19762,false
19768,false
19769,true
19774,false
19783,false
19788,true
19793,true
19801,false
19818,false
19828,false
19834,true
19836,false
19837,false
19841,true
19842,false
19844,false
19855,false
19857,true
19872,false
19873,false
19875,true
19882,false
19893,false
19903,true
19904,false
19913,false
19934,false
19936,false
19938,false
19942,false
19943,false
19954,false
19957,true
19965,true
19972,false
19982,false
19988,true
19993,false
19998,true
20000,true
20001,false
20006,true
20007,true
20010,false
20028,false
20029,false
20030,false
20031,false
20033,false
20035,true
20037,true
20040,false
20043,true
20047,true
20052,false
20053,true
20056,false
20063,false
20077,true
20098,false
20105,true
20109,true
20111,false
20117,true
20123,true
20125,true
20126,false
20127,true
20128,true
20149,true
20154,false
20158,false
20159,false
20160,false
20165,false
20174,false
20177,true
20178,true
20183,false
20187,false
20189,false
20190,false
20192,false
20201,false
20211,false
20214,false
20218,false
20221,true
20225,true
20228,true
20237,true
20244,true
20255,false
20256,false
20260,true
20261,false
20262,false
20266,false
20280,true
20288,false
20289,false
20297,false
20299,false
20300,true
20301,false
20304,true
20306,false
20309,false
20315,true
20318,false
20319,false
20327,false
20337,false
20338,false
20339,true
20348,true
20351,false
20361,false
20369,false
20374,false
20380,false
20382,true
20383,true
20386,false
20389,false
20395,true
20408,false
20413,false
20419,true
20420,false
20423,false
20425,true
20434,false
20453,true
20460,true
20464,false
20468,true
20471,true
20479,false
20485,true
20486,false
20495,false
20497,true
20499,false
20501,true
20503,false
20506,false
20509,false
20513,false
20517,true
20519,true
20520,true
20522,false
20528,true
20531,false
20539,true
20543,true
20547,false
20549,false
20550,false
20551,true
20558,false
20559,false
20570,true
20575,false
20577,false
20578,false
20582,false
20589,false
20596,true
20606,false
20612,true
20616,true
20625,true
20630,false
20633,false
20640,false
20642,true
20643,false
20648,false
20651,false
20654,true
20659,false
20663,true
20664,true
20666,true
20669,false
20673,false
20676,true
20679,true
20684,false
20687,true
20690,false
20695,true
20708,true
20709,false
20710,false
20712,false
20714,false
20722,false
20731,false
20748,false
20754,false
20772,false
20773,false
20779,false
20788,true
20792,false
20794,false
20797,true
20798,false
20801,true
20805,true
20807,false
20814,false
20815,true
20821,false
20822,false
20826,false
20834,true
20836,false
20837,false
20840,false
20843,false
20848,false
20852,false
20854,false
20859,false
20860,true
20865,false
20869,false
20871,true
20879,false
20885,true
20888,false
20889,false
20890,true
20892,true
20901,false
20904,true
20908,true
20912,false
20922,false
20931,false
20938,false
20939,false
20942,false
20945,true
20948,false
20954,true
20956,false
20961,false
20963,false
20967,true
20972,false
20977,false
20981,false
20987,false
20988,false
20994,false
20998,false
21000,true
21006,true
21007,false
21012,false
21019,false
21020,false
21025,false
21038,true
21044,false
21049,true
21050,false
21060,true
21061,true
21062,false
21069,false
21070,false
21071,true
21072,true
21078,false
21091,false
21095,false
21103,true
21108,false
21109,true
21111,true
21112,true
21118,true
21119,false
21120,false
21127,false
21129,true
21135,false
21143,true
21144,false
21146,true
21156,false
21158,false
21160,false
21163,true
21165,false
21175,true
21185,false
21188,false
21191,true
21192,true
21199,false
21203,false
21210,false
21211,false
21225,false
21226,false
21229,true
21241,true
21244,true
21249,true
21251,true
21254,false
21255,false
21258,false
21262,false
21265,true
21277,false
21285,false
21293,false
21299,false
21303,false
21304,false
21305,false
21311,false
21316,false
21321,true
21322,false
21336,false
21344,true
21366,true
21371,true
21386,true
21399,true
21400,false
21406,false
21409,true
21415,true
21416,false
21421,false
21426,true
21434,false
21437,false
21446,false
21447,true
21451,true
21452,true
21455,false
21461,false
21464,false
21477,false
21480,false
21485,false
21488,false
21491,true
21496,false
21499,true
21501,false
21502,true
21509,true
21515,false
21522,true
21528,true
21529,true
21540,true
21541,true
21545,true
21548,true
21559,false
21571,false
21574,false
21583,true
21590,true
21596,true
21602,false
21604,false
21606,true
21608,false
21609,false
21618,true
21626,true
21627,false
21631,false
21632,false
21636,true
21637,true
21641,true
21646,false
21650,true
21656,true
21657,false
21658,false
21662,true
21667,true
21670,true
21676,false
21681,false
21682,true
21685,false
21687,true
21692,false
21693,false
21696,false
21697,false
21705,true
21721,false
21723,false
21725,false
21735,false
21736,false
21741,false
21742,true
21743,true
21750,false
21752,true
21753,false
21754,false
21758,true
21766,true
21774,false
21783,false
21786,false
21793,false
21794,false
21799,true
21802,false
21807,false
21812,false
21823,true
21826,true
21834,false
21836,false
21839,false
21842,true
21845,false
21846,false
21851,false
21854,false
21864,true
21867,false
21874,false
21877,true
21879,true
21894,false
21897,true
21900,true
21906,false
21913,true
21919,true
21920,false
21923,false
21928,false
21936,false
21940,true
21945,false
21947,true
21952,true
21976,false
21979,true
21982,false
21985,true
21994,true
22023,false
22029,true
22034,false
22044,false
22047,false
22051,false
22053,true
22054,true
22057,false
22063,false
22069,false
22076,false
22083,true
22087,false
22088,false
22089,false
22093,true
22097,true
22111,true
22112,false
22113,false
22119,false
22145,false
22149,true
22150,false
22158,false
22162,true
22166,false
22172,false
22174,false
22179,false
22190,true
22193,true
22195,true
22197,true
22200,false
22206,false
22212,false
22213,false
22225,true
22230,false
22235,false
22239,false
22247,true
22254,false
22266,false
22271,false
22273,false
22274,false
22277,false
22279,true
22280,true
22283,true
22284,true
22288,true
22290,false
22300,false
22311,false
22312,true
22313,false
22322,true
22327,true
22330,true
22331,false
22350,false
22355,false
22357,true
22361,true
22363,true
22364,false
22366,true
22368,false
22369,false
22370,false
22372,false
22376,false
22382,true
22387,true
22396,false
22402,false
22410,false
22412,true
22415,false
22425,true
22426,false
22429,false
22435,false
22441,false
22442,true
22455,false
22457,false
22468,true
22477,false
22484,true
22491,false
22498,false
22502,false
22504,false
22509,false
22510,false
22512,false
22518,false
22524,true
22527,true
22528,true
22535,false
22538,false
22542,true
22544,true
22545,false
22555,false
22561,true
22562,true
22565,true
22570,false
22575,true
22576,false
22578,true
22579,false
22589,true
22593,true
22595,false
22597,false
22601,false
22611,false
22614,true
22615,false
22617,false
22620,false
22625,true
22626,false
22637,true
22644,false
22646,false
22648,false
22657,false
22660,false
22665,false
22673,true
22675,true
22676,true
22687,true
22696,false
22700,false
22704,false
22709,true
22716,false
22717,false
22718,false
22723,true
22728,true
22733,true
22735,true
22743,false
22752,true
22757,false
22768,false
22771,false
22772,false
22774,true
22776,true
22777,false
22778,true
22785,false
22786,false
22787,false
22793,true
22798,true
22803,true
22813,true
22817,false
22818,false
22819,false
22820,false
22825,false
22827,false
22829,false
22831,false
22838,true
22844,true
22848,false
22853,true
22858,false
22864,true
22868,false
22885,true
22888,true
22901,false
22907,true
22913,false
22918,false
22923,true
22929,true
22935,true
22936,true
22941,false
22942,false
22943,true
22952,true
22956,true
22964,false
22968,false
22974,false
22978,false
22981,true
22985,true
22987,false
22988,false
22993,false
22994,false
22997,false
22999,false
23000,false
23003,true
23010,false
23015,false
23026,false
23029,false
23047,true
23048,false
23049,true
23055,true
23056,true
23060,true
23064,false
23066,false
23071,true
23072,true
23074,true
23079,true
23082,false
23094,false
23095,false
23097,true
23101,true
23102,true
23104,true
23110,true
23113,false
23115,true
23118,true
23129,true
23130,false
23135,true
23136,false
23139,true
23153,true
23158,true
23163,false
23186,false
23187,false
23189,true
23192,true
23193,false
23194,true
23197,false
23200,false
23223,false
23224,true
23228,false
23250,false
23251,false
23252,false
23257,false
23259,false
23262,true
23267,true
23272,false
23274,false
23288,false
23291,true
23293,true
23294,true
23302,true
23313,false
23325,false
23326,false
23337,false
23342,false
23345,false
23347,true
23350,false
23353,false
23360,true
23388,false
23393,false
23399,true
23402,false
23412,true
23416,false
23417,false
23418,false
23426,true
23429,false
23430,true
23432,true
23446,false
23450,false
23452,true
23455,true
23457,false
23459,false
23461,false
23462,false
23467,false
23468,false
23473,true
23476,true
23477,false
23489,false
23498,true
23508,false
23515,false
23522,false
23530,false
23531,false
23537,true
23538,true
23544,false
23553,true
23556,false
23564,false
23566,true
23569,false
23571,true
23574,false
23583,true
23584,false
23585,true
23586,false
23591,false
23597,false
23598,false
23604,false
23605,false
23608,false
23613,false
23616,false
23619,false
23625,false
23631,false
23641,false
23650,false
23651,false
23656,false
23663,true
23667,false
23671,true
23672,false
23690,false
23694,false
23696,true
23700,false
23701,true
23702,false
23704,false
23705,false
23717,true
23718,false
23721,true
23727,false
23730,false
23734,true
23735,false
23738,true
23745,true
23748,false
23757,false
23783,false
23789,true
23791,false
23793,false
23804,true
23808,true
23818,false
23827,false
23831,true
23837,true
23841,true
23847,true
23848,false
23853,false
23854,false
23874,true
23876,false
23878,false
23887,true
23891,false
23894,false
23901,true
23903,true
23910,false
23912,false
23913,false
23917,true
23921,false
23922,true
23929,true
23934,false
23936,true
23939,true
23947,true
23954,true
23964,false
23987,true
23993,true
23999,false
24002,true
24006,false
24007,false
24023,true
24030,false
24033,true
24038,false
24040,false
24042,false
24049,false
24057,false
24066,false
24067,false
24070,true
24075,false
24076,false
24105,false
24110,true
24112,false
24117,true
24128,false
24129,false
24133,false
24136,true
24138,false
24142,true
24160,true
24171,false
24180,false
24189,true
24190,false
24191,true
24211,false
24214,false
24216,true
24220,false
24222,false
24223,false
24226,true
24229,false
24234,false
24243,false
24248,true
24252,true
24258,false
24261,true
24264,true
24266,false
24274,true
24275,true
24281,true
24282,false
24284,false
24285,true
24286,false
24297,false
24298,true
24300,true
24304,false
24308,true
24314,false
24326,false
24331,false
24334,false
24336,true
24338,true
24349,false
24352,true
24355,false
24358,false
24364,true
24365,true
24372,true
24374,true
24378,true
24383,false
24394,false
24400,false
24402,true
24405,true
24406,false
24414,true
24416,false
24421,false
24436,false
24437,false
24440,false
24443,false
24444,false
24449,false
24454,false
24470,false
24474,true
24478,true
24480,true
24494,false
24495,false
24497,false
24498,false
24499,false
24501,true
24502,false
24512,false
24517,false
24518,false
24519,false
24521,true
24523,true
24526,true
24528,true
24532,false
24535,true
24541,false
24548,true
24551,true
24564,false
24567,true
24568,false
24572,false
24576,false
24584,true
24589,true
24593,false
24597,true
24598,false
24603,false
24607,false
24608,true
24610,false
24613,false
24616,true
24617,false
24622,false
24632,true
24637,false
24639,true
24640,false
24646,false
24652,false
24657,true
24663,true
24673,true
24680,false
24687,true
24692,true
24699,true
24700,true
24703,false
24706,true
24711,false
24717,true
24723,false
24724,false
24732,true
24736,false
24738,true
24739,true
24741,true
24750,false
24751,false
24759,false
24760,false
24762,true
24764,false
24768,false
24769,false
24772,true
24777,false
24779,false
24780,false
24782,true
24787,false
24802,false
24808,true
24809,true
24824,false
24826,true
24838,true
24841,true
24844,true
24846,true
24854,false
24857,false
24859,true
24863,true
24866,true
24869,false
24874,false
24882,false
24890,false
24891,false
24896,false
24897,true
24901,false
24903,true
24904,false
24907,false
24913,false
24917,true
24920,true
24924,true
24936,false
24951,false
24954,true
24961,true
24965,false
24967,true
24968,true
24969,false
24977,true
24981,false
24984,false
24989,false
24992,true
25004,false
25008,false
25009,false
25010,false
25013,false
25015,false
25032,true
25036,true
25038,true
25044,true
25055,true
25059,true
25060,false
25063,false
25064,true
25065,false
25067,false
25069,false
25070,false
25071,true
25075,true
25083,true
25085,false
25087,false
25088,false
25093,true
25102,true
25103,false
25107,false
25113,true
25114,true
25117,false
25121,false
25129,true
25131,false
25137,true
25140,true
25144,false
25148,false
25152,false
25160,false
25177,false
25178,false
25192,true
25198,true
25199,false
25200,true
25207,false
25211,false
25213,false
25215,false
25220,false
25222,true
25226,false
25227,false
25228,false
25236,true
25239,false
25240,true
25244,false
25245,false
25251,false
25260,false
25261,false
25265,true
25269,true
25277,true
25283,false
25287,false
25291,true
25295,true
25296,false
25298,false
25302,true
25307,false
25312,false
25313,true
25318,false
25319,false
25320,false
25322,false
25325,true
25326,false
25329,true
25330,false
25333,true
25334,false
25336,false
25347,false
25351,true
25367,true
25369,true
25375,false
25377,true
25381,false
25384,true
25388,false
25389,false
25391,true
25393,true
25396,false
25418,false
25421,true
25424,true
25425,true
25426,false
25429,false
25440,true
25448,false
25464,false
25465,true
25467,true
25489,true
25490,true
25492,false
25493,false
25497,false
25503,true
25504,true
25506,true
25511,false
25516,false
25526,false
25535,false
25539,false
25543,false
25545,false
25552,false
25555,false
25559,false
25567,true
25591,false
25596,false
25597,false
25599,false
25615,true
25617,true
25626,false
25635,false
25645,false
25650,false
25651,true
25658,false
25665,false
25669,false
25670,true
25671,true
25672,false
25681,false
25688,true
25693,false
25705,true
25708,false
25709,false
25717,true
25726,true
25731,false
25736,true
25752,true
25767,true
25777,false
25779,false
25786,true
25788,false
25789,false
25793,true
25794,false
25801,false
25802,false
25806,false
25807,false
25809,true
25810,false
25818,true
25826,false
25829,false
25830,true
25831,true
25832,false
25838,true
25843,false
25849,true
25853,false
25857,false
25875,true
25881,true
25889,true
25891,true
25897,true
25901,false
25904,false
25912,false
25916,false
25919,false
25923,false
25925,true
25941,false
25949,true
25956,true
25957,false
25962,false
25963,true
25970,false
25971,false
25975,true
25978,false
25980,false
25987,true
25989,true
25996,false
26003,true
26007,true
26017,false
26018,true
26025,false
26029,false
26051,false
26052,false
26055,false
26068,false
26074,true
26076,false
26078,true
26081,true
26089,false
26090,false
26096,true
26106,false
26114,true
26127,true
26131,false
26137,true
26140,false
26145,false
26146,false
26156,true
26159,false
26160,true
26165,false
26167,true
26171,true
26176,false
26180,false
26187,true
26189,false
26190,true
26194,true
26201,true
26202,true
26207,false
26211,false
26213,false
26216,false
26219,true
26229,true
26234,true
26235,false
26236,true
26243,true
26251,false
26254,true
26266,true
26273,true
26274,false
26277,true
26278,false
26284,false
26288,false
26290,true
26294,true
26296,true
26297,false
26299,false
26302,false
26305,false
26306,true
26308,true
26314,true
26316,false
26324,false
26329,false
26334,true
26336,false
26339,false
26340,false
26349,false
26353,false
26363,true
26365,true
26369,false
26370,false
26372,true
26375,false
26376,false
26380,false
26385,true
26387,false
26388,false
26390,false
26391,false
26396,true
26402,true
26411,false
26412,false
26413,true
26419,false
26420,true
26426,false
26431,false
26438,false
26442,false
26444,false
26448,false
26458,false
26461,false
26462,false
26465,true
26479,true
26482,false
26486,true
26495,false
26497,false
26501,false
26513,false
26515,false
26524,false
26526,false
26541,false
26543,false
26544,false
26549,true
26558,false
26565,false
26566,true
26570,false
26597,true
26609,false
26613,false
26615,true
26621,false
26629,false
26634,true
26636,true
26638,true
26658,false
26659,false
26669,false
26670,true
26672,false
26678,false
26684,false
26687,false
26696,false
26701,false
26706,true
26707,false
26708,false
26722,true
26735,true
26738,true
26743,true
26747,true
26750,false
26760,false
26765,false
26769,false
26770,true
26771,true
26779,false
26782,false
26784,true
26788,true
26789,false
26795,false
26800,false
26805,false
26811,false
26814,false
26832,true
26834,true
26835,false
26839,true
26847,true
26850,false
26851,false
26853,true
26862,true
26868,false
26900,false
26901,false
26904,true
26907,false
26911,false
26915,false
26916,true
26917,false
26919,false
26928,false
26939,false
26941,true
26949,true
26952,true
26953,true
26957,true
26961,true
26971,false
26973,false
26978,true
26981,false
26982,false
26985,false
26988,true
26993,false
26999,false
27002,true
27005,true
27013,false
27016,false
27020,true
27024,false
27029,false
27030,false
27036,true
27040,true
27041,false
27044,true
27046,false
27048,false
27054,false
27056,false
27059,true
27062,false
27065,true
27066,false
27069,false
27071,false
27073,false
27078,false
27081,true
27083,false
27091,false
27105,false
27112,true
27114,false
27115,false
27127,true
27128,false
27135,false
27142,false
27148,false
27151,false
27155,false
27156,true
27165,false
27167,false
27168,false
27174,true
27175,false
27179,false
27180,false
27190,true
27191,true
27193,true
27205,false
27207,true
27209,false
27213,false
27216,false
27224,true
27227,true
27240,false
27241,true
27247,false
27249,false
27250,true
27252,false
27256,true
27258,true
27261,true
27268,true
27269,false
27283,false
27288,true
27297,true
27313,true
27314,false
27322,false
27329,true
27334,true
27335,false
27344,false
27347,false
27354,false
27358,true
27359,false
27360,false
27361,false
27364,true
27371,false
27373,false
27374,false
27378,false
27379,false
27383,true
27387,false
27400,false
27406,false
27407,true
27411,true
27433,false
27438,true
27446,false
27450,false
27451,false
27467,false
27471,true
27474,true
27478,false
27479,false
27481,false
27482,true
27484,false
27492,true
27493,true
27505,false
27510,false
27511,false
27512,false
27516,true
27518,false
27525,false
27529,true
27532,true
27533,false
27534,false
27540,false
27542,false
27544,false
27546,false
27550,true
27552,false
27558,false
27561,false
27569,false
27573,false
27574,false
27575,false
27582,false
27585,false
27590,false
27591,true
27593,false
27597,false
27605,true
27612,true
27615,true
27622,false
27629,true
27633,true
27637,false
27639,false
27642,false
27661,true
27667,true
27673,true
27679,false
27681,false
27683,false
27684,false
27688,false
27699,true
27700,false
27702,false
27705,false
27706,true
27718,false
27724,true
27726,true
27736,false
27737,false
27741,false
27742,false
27748,false
27749,false
27756,false
27769,false
27771,false
27775,false
27784,false
27787,false
27788,false
27789,false
27798,false
27800,false
27814,false
27825,false
27827,false
27828,false
27829,false
27836,false
27838,false
27840,true
27843,false
27844,false
27846,false
27859,false
27860,false
27861,false
27864,true
27868,true
27876,false
27886,false
27887,false
27899,false
27907,false
27909,true
27911,false
27919,false
27930,false
27932,false
27940,true
27941,false
27952,false
27958,true
27959,true
27960,false
27963,true
27964,false
27970,true
27973,true
27975,false
27977,true
27979,true
27987,false
27989,false
27994,true
27999,false
28008,true
28017,false
28021,false
28023,false
28031,false
28036,false
28038,false
28045,false
28047,false
28054,false
28061,false
28065,true
28072,true
28073,false
28083,false
28086,false
28090,false
28102,false
28116,true
28118,false
28135,true
28136,true
28146,false
28148,false
28156,false
28157,true
28160,false
28165,false
28166,false
28177,false
28181,false
28183,false
28185,false
28194,false
28196,true
28211,false
28213,false
28218,false
28219,false
28226,true
28242,true
28251,false
28259,true
28264,true
28269,true
28270,true
28271,false
28282,true
28291,true
28292,true
28294,false
28295,true
28302,false
28312,true
28317,true
28318,false
28328,false
28329,true
28334,false
28335,false
28350,true
28353,true
28371,false
28376,true
28384,true
28385,false
28387,true
28388,false
28400,false
28406,false
28413,true
28414,false
28415,true
28416,false
28417,false
28421,true
28426,false
28429,false
28449,false
28450,false
28463,false
28467,false
28474,true
28478,false
28483,true
28488,false
28489,true
28492,false
28493,true
28494,false
28501,true
28502,true
28503,false
28504,true
28505,false
28521,true
28525,true
28531,true
28534,true
28538,true
28541,true
28545,false
28547,true
28550,true
28562,false
28564,false
28566,false
28588,false
28597,true
28601,true
28604,true
28606,false
28614,false
28621,false
28643,false
28645,true
28650,false
28657,false
28658,true
28659,false
28661,true
28662,false
28667,true
28669,false
28681,false
28685,false
28688,true
28705,true
28709,true
28723,false
28725,false
28726,false
28735,false
28737,false
28738,false
28740,true
28743,false
28748,true
28749,true
28755,false
28756,true
28758,false
28762,false
28767,true
28776,true
28785,false
28787,false
28790,true
28795,true
28798,true
28799,true
28802,false
28812,true
28814,true
28816,true
28818,false
28822,true
28827,false
28835,false
28837,false
28838,false
28840,false
28847,false
28850,false
28852,false
28854,false
28856,false
28861,false
28875,true
28879,false
28897,false
28899,true
28907,false
28912,false
28913,false
28914,true
28928,false
28945,true
28947,true
28948,false
28949,true
28956,false
28961,true
28975,false
28976,false
28979,false
29006,true
29010,true
29012,false
29014,true
29018,false
29022,false
29027,true
29029,true
29031,false
29033,true
29045,false
29049,true
29062,false
29068,false
29071,true
29076,true
29078,true
29082,false
29084,false
29094,true
29100,false
29102,true
29108,true
29111,false
29114,true
29117,false
29118,true
29120,false
29126,true
29134,true
29147,false
29150,true
29155,true
29156,false
29159,false
29166,false
29168,false
29173,false
29174,false
29189,true
29200,true
29202,true
29203,true
29209,true
29220,false
29226,false
29230,true
29239,true
29246,true
29250,false
29252,false
29272,false
29279,false
29281,true
29283,true
29284,true
29291,true
29293,false
29304,false
29307,false
29317,true
29318,false
29327,false
29333,false
29336,false
29338,false
29343,true
29344,false
29362,true
29363,false
29369,false
29384,true
29391,false
29393,true
29397,false
29400,true
29402,true
29409,false
29412,true
29414,true
29432,true
29438,false
29443,true
29445,false
29446,false
29458,false
29459,true
29467,false
29468,false
29472,false
29473,false
29484,false
29490,true
29494,false
29502,true
29513,true
29515,true
29516,false
29521,false
29524,true
29526,true
29527,false
29534,false
29548,false
29553,false
29556,false
29558,true
29560,false
29561,true
29564,true
29573,false
29580,true
29581,false
29586,true
29591,false
29601,false
29606,false
29608,false
29620,false
29626,true
29631,false
29632,true
29637,false
29647,true
29652,false
29657,false
29660,false
29662,false
29670,false
29671,true
29673,true
29675,false
29678,false
29680,false
29682,true
29690,false
29696,false
29702,false
29715,false
29717,false
29719,false
29722,false
29723,true
29727,false
29742,false
29764,true
29773,false
29779,false
29790,false
29802,false
29803,true
29805,false
29810,true
29813,false
29822,true
29831,true
29835,false
29838,false
29853,false
29857,false
29863,true
29880,false
29883,true
29887,false
29892,false
29900,false
29901,false
29913,false
29919,true
29922,false
29941,false
29943,false
29947,false
29956,true
29960,true
29961,true
29964,false
29969,true
29976,true
29978,false
29980,false
29981,true
29982,false
29984,true
29985,true
29998,true
29999,true
30001,false
30002,false
30006,false
30012,false
30018,false
30023,false
30026,true
30027,false
30028,true
30029,false
30035,true
30046,false
30047,false
30048,true
30054,false
30060,true
30067,true
30074,true
30080,false
30082,false
30084,false
30092,true
30100,false
30101,true
30114,true
30119,false
30130,true
30133,false
30150,false
30156,false
30166,false
30172,true
30173,false
30186,false
30189,false
30209,false
30222,true
30232,true
30234,false
30237,true
30244,false
30248,true
30254,false
30260,false
30263,true
30267,false
30279,false
30293,true
30303,false
30309,false
30313,false
30315,false
30318,false
30319,true
30326,true
30327,true
30343,false
30347,false
30357,false
30359,false
30380,false
30383,false
30387,false
30393,false
30394,true
30395,true
30397,true
30400,false
30405,true
30417,true
30420,true
30424,false
30430,false
30437,true
30442,true
30447,false
30451,false
30455,false
30456,true
30463,false
30474,true
30476,false
30480,false
30496,true
30502,false
30511,false
30512,true
30517,false
30519,true
30524,false
30534,true
30537,false
30543,false
30550,false
30556,false
30560,false
30569,true
30574,false
30584,false
30594,false
30597,true
30601,false
30611,true
30612,true
30618,true
30620,false
30621,true
30622,true
30624,true
30630,false
30638,false
30639,true
30642,false
30643,false
30661,false
30667,true
30671,false
30672,false
30674,true
30680,true
30687,false
30691,true
30692,false
30694,false
30697,true
30706,true
30707,false
30709,false
30721,false
30723,true
30738,true
30739,false
30753,false
30761,true
30763,false
30767,false
30785,true
30790,false
30794,true
30799,false
30810,false
30814,false
30820,false
30822,false
30826,false
30834,true
30840,false
30841,false
30843,true
30851,true
30856,true
30859,false
30865,false
30872,false
30873,false
30878,false
30888,false
30893,false
30901,false
30902,false
30922,true
30931,true
30936,true
30941,false
30943,false
30949,false
30952,false
30954,false
30955,true
30957,false
30958,true
30963,true
30965,false
30968,false
30969,true
30976,false
30995,true
31002,false
31004,true
31006,false
31017,true
31025,true
31028,true
31030,false
31032,false
31035,false
31036,false
31042,false
31044,false
31046,false
31060,false
31070,false
31072,false
31079,false
31081,false
31087,false
31090,false
31092,true
31104,false
31112,false
31121,true
31133,false
31136,false
31140,false
31143,false
31152,true
31156,true
31157,false
31159,false
31162,false
31168,false
31173,false
31180,false
31188,false
31191,false
31195,true
31197,true
31204,true
31205,true
31216,false
31217,true
31219,true
31220,false
31221,true
31223,true
31225,true
31229,false
31234,false
31240,false
31244,false
31245,false
31249,false
31267,true
31269,true
31275,false
31282,true
31284,false
31285,true
31289,false
31290,false
31291,false
31310,true
31312,false
31318,true
31326,false
31327,false
31328,false
31334,true
31337,false
31348,true
31355,false
31356,false
31357,true
31359,false
31365,true
31366,true
31368,false
31376,true
31377,false
31378,false
31383,true
31394,true
31399,true
31405,false
31410,false
31412,true
31415,false
31418,false
31419,false
31421,true
31424,false
31432,true
31433,false
31434,true
31440,false
31442,false
31458,true
31459,true
31464,true
31466,true
31470,false
31473,true
31480,false
31492,false
31493,true
31494,true
31495,false
31502,true
31511,true
31516,true
31519,false
31520,false
31523,true
31533,true
31540,false
31551,true
31555,false
31565,false
31568,true
31576,false
31590,false
31598,false
31600,false
31608,true
31609,false
31610,false
31611,false
31613,true
31614,true
31623,true
31641,true
31648,false
31649,false
31660,true
31661,true
31663,false
31665,false
31667,true
31668,true
31675,true
31677,true
31680,false
31689,false
31690,true
31691,true
31693,false
31699,true
31700,false
31701,true
31708,true
31710,true
31715,false
31716,false
31718,false
31719,true
31725,false
31726,true
31728,true
31731,true
31735,false
31742,false
31761,false
31773,false
31792,false
31795,false
31797,false
31798,false
31800,true
31801,false
31808,false
31809,false
31814,true
31815,false
31820,true
31821,true
31829,false
31831,false
31832,true
31833,false
31835,false
31836,false
31842,false
31844,true
31846,false
31847,false
31856,true
31859,false
31864,false
31865,true
31866,false
31870,false
31877,true
31879,true
31883,false
31884,true
31888,false
31898,false
31911,true
31916,true
31918,false
31924,false
31925,true
31929,false
31969,true
31972,false
31975,true
31976,false
31984,true
31998,false
32001,false
32002,true
32010,false
32016,true
32034,false
32042,false
32043,false
32047,true
32048,true
32052,false
32055,false
32060,false
32062,false
32077,false
32078,false
32081,false
32087,true
32121,true
32123,true
32130,false
32135,true
32142,false
32144,false
32153,true
32161,false
32167,true
32169,true
32170,false
32172,true
32175,false
32180,true
32182,false
32192,true
32193,false
32201,false
32202,false
32204,true
32213,true
32215,false
32220,true
32221,false
32223,false
32231,false
32235,true
32240,false
32244,true
32247,false
32249,false
32254,false
32258,true
32259,false
32266,false
32275,false
32279,true
32290,true
32293,false
32304,false
32314,false
32315,false
32317,true
32320,true
32328,true
32333,false
32338,true
32344,false
32345,false
32352,false
32364,true
32366,false
32376,false
32393,false
32394,false
32398,false
32404,true
32406,true
32408,true
32410,true
32416,true
32429,true
32436,true
32448,false
32449,false
32456,false
32457,false
32459,false
32460,false
32476,false
32484,false
32492,true
32501,false
32502,true
32503,true
32507,true
32509,true
32516,true
32518,false
32525,false
32528,true
32536,false
32538,false
32542,false
32549,false
32558,true
32560,true
